{"cameraMode":{"drawMode":0,"name":"Shaded","section":"Shading Mode"},"sceneLighting":false,"audioPlay":false,"sceneViewState":{"m_AlwaysRefresh":false,"showFog":true,"showSkybox":false,"showFlares":true,"showImageEffects":true,"showParticleSystems":true,"showVisualEffectGraphs":true,"m_FxEnabled":true},"in2DMode":false,"pivot":{"x":-10.35586929321289,"y":4.434420108795166,"z":2.0554428100585939},"rotation":{"x":-0.0003355005173943937,"y":-0.9970239400863648,"z":-0.0044883801601827148,"w":0.07794873416423798},"size":31.45002555847168,"orthographic":false}