{"cameraMode":{"drawMode":0,"name":"Shaded","section":"Shading Mode"},"sceneLighting":false,"audioPlay":false,"sceneViewState":{"m_AlwaysRefresh":false,"showFog":true,"showSkybox":false,"showFlares":true,"showImageEffects":true,"showParticleSystems":true,"showVisualEffectGraphs":true,"m_FxEnabled":true},"in2DMode":false,"pivot":{"x":-0.00000667572021484375,"y":9.5367431640625e-7,"z":0.00000667572021484375},"rotation":{"x":0.10295966267585755,"y":-0.6176053881645203,"z":0.08199470490217209,"w":0.7754276990890503},"size":33.81547546386719,"orthographic":false}