{"cameraMode":{"drawMode":0,"name":"Shaded","section":"Shading Mode"},"sceneLighting":false,"audioPlay":false,"sceneViewState":{"m_AlwaysRefresh":false,"showFog":true,"showSkybox":false,"showFlares":true,"showImageEffects":true,"showParticleSystems":true,"showVisualEffectGraphs":true,"m_FxEnabled":true},"in2DMode":false,"pivot":{"x":1.224298357963562,"y":0.5953625440597534,"z":0.8730666637420654},"rotation":{"x":0.0017225812189280987,"y":0.9820324778556824,"z":-0.008833597414195538,"w":0.18874616920948029},"size":1.8073949813842774,"orthographic":false}