{"cameraMode":{"drawMode":0,"name":"Shaded","section":"Shading Mode"},"sceneLighting":false,"audioPlay":false,"sceneViewState":{"m_AlwaysRefresh":false,"showFog":true,"showSkybox":false,"showFlares":true,"showImageEffects":true,"showParticleSystems":true,"showVisualEffectGraphs":true,"m_FxEnabled":true},"in2DMode":false,"pivot":{"x":0.9978954792022705,"y":0.27236026525497439,"z":0.790673017501831},"rotation":{"x":0.019433103501796724,"y":-0.5865490436553955,"z":0.014079879969358445,"w":0.8095576167106628},"size":1.8073949813842774,"orthographic":false}