{"cameraMode":{"drawMode":0,"name":"Shaded","section":"Shading Mode"},"sceneLighting":false,"audioPlay":false,"sceneViewState":{"m_AlwaysRefresh":false,"showFog":true,"showSkybox":false,"showFlares":true,"showImageEffects":true,"showParticleSystems":true,"showVisualEffectGraphs":true,"m_FxEnabled":true},"in2DMode":false,"pivot":{"x":-25.109140396118165,"y":13.455253601074219,"z":-10.127117156982422},"rotation":{"x":0.014729793183505535,"y":-0.9828574061393738,"z":-0.09018496423959732,"w":-0.16060861945152284},"size":29.36765480041504,"orthographic":false}