{"cameraMode":{"drawMode":0,"name":"Shaded","section":"Shading Mode"},"sceneLighting":true,"audioPlay":false,"sceneViewState":{"m_AlwaysRefresh":false,"showFog":true,"showSkybox":true,"showFlares":true,"showImageEffects":true,"showParticleSystems":true,"showVisualEffectGraphs":true,"m_FxEnabled":true},"in2DMode":false,"pivot":{"x":1.8050355911254883,"y":2.7552640438079836,"z":30.60628890991211},"rotation":{"x":0.001184798195026815,"y":-0.9985222220420837,"z":0.04946640878915787,"w":0.023680711165070535},"size":6.5574235916137699,"orthographic":false}