{"cameraMode":{"drawMode":0,"name":"Shaded","section":"Shading Mode"},"sceneLighting":true,"audioPlay":false,"sceneViewState":{"m_AlwaysRefresh":false,"showFog":true,"showSkybox":true,"showFlares":true,"showImageEffects":true,"showParticleSystems":true,"showVisualEffectGraphs":true,"m_FxEnabled":true},"in2DMode":false,"pivot":{"x":-3.3885068893432619,"y":2.2664265632629396,"z":61.26311492919922},"rotation":{"x":0.007242817431688309,"y":-0.9916834235191345,"z":0.11203669011592865,"w":0.06407371163368225},"size":15.870677947998047,"orthographic":false}