{"cameraMode":{"drawMode":0,"name":"Shaded","section":"Shading Mode"},"sceneLighting":true,"audioPlay":false,"sceneViewState":{"m_AlwaysRefresh":false,"showFog":true,"showSkybox":true,"showFlares":true,"showImageEffects":true,"showParticleSystems":true,"showVisualEffectGraphs":true,"m_FxEnabled":true},"in2DMode":false,"pivot":{"x":0.6544753313064575,"y":15.374783515930176,"z":8.634711265563965},"rotation":{"x":0.000018884185919887386,"y":0.9983025193214417,"z":0.05846765637397766,"w":-0.00030441759736277163},"size":49.288246154785159,"orthographic":false}